"","X","date","steps","distance","latitude","longitude","city","state","zip","country"
"1",0,20160602,8732,6994,32.71696,-117.13974,"San Diego","California","92134","United States of America"
"2",1,20160603,5773,4391,33.99882,-118.43657,"Los Angeles","California","90066","United States of America"
"3",2,20160604,3083,2232,33.99882,-118.43657,"Los Angeles","California","90066","United States of America"
"4",3,20160605,6676,4216,33.99882,-118.43657,"Los Angeles","California","90066","United States of America"
"5",4,20160606,4936,3136,33.99882,-118.43657,"Los Angeles","California","90066","United States of America"
"6",5,20160607,7130,5342,33.99882,-118.43657,"Los Angeles","California","90066","United States of America"
"7",6,20160608,4880,3641,33.99882,-118.43657,"Los Angeles","California","90066","United States of America"
"8",7,20160609,3892,2730,33.99882,-118.43657,"Los Angeles","California","90066","United States of America"
"9",8,20160611,5363,3946,32.804227,-117.25982,"San Diego","California","CA 92109","United States of America"
"10",9,20160612,3458,2406,32.804227,-117.25982,"San Diego","California","CA 92109","United States of America"
"11",10,20160613,6716,5264,33.99882,-118.43657,"Los Angeles","California","90066","United States of America"
"12",11,20160614,10767,8138,33.99882,-118.43657,"Los Angeles","California","90066","United States of America"
"13",12,20160615,7187,5304,33.99882,-118.43657,"Los Angeles","California","90066","United States of America"
"14",13,20160616,8413,6309,33.99882,-118.43657,"Los Angeles","California","90066","United States of America"
"15",14,20160617,4068,2671,33.99882,-118.43657,"Los Angeles","California","90066","United States of America"
"16",15,20160618,10657,6839,33.99882,-118.43657,"Los Angeles","California","90066","United States of America"
"17",16,20160619,3993,2631,33.99882,-118.43657,"Los Angeles","California","90066","United States of America"
"18",17,20160620,7070,5209,33.99882,-118.43657,"Los Angeles","California","90066","United States of America"
"19",18,20160621,10687,7723,33.99882,-118.43657,"Los Angeles","California","90066","United States of America"
"20",19,20160622,5101,3218,33.99882,-118.43657,"Los Angeles","California","90066","United States of America"
"21",20,20160623,5173,3153,33.99882,-118.43657,"Los Angeles","California","90066","United States of America"
"22",21,20160624,5123,3571,33.99882,-118.43657,"Los Angeles","California","90066","United States of America"
"23",22,20160625,5659,4062,33.99882,-118.43657,"Los Angeles","California","90066","United States of America"
"24",23,20160626,7959,5273,33.99882,-118.43657,"Los Angeles","California","90066","United States of America"
"25",24,20160627,4966,3571,33.99882,-118.43657,"Los Angeles","California","90066","United States of America"
"26",25,20160628,11088,7516,33.99882,-118.43657,"Los Angeles","California","90066","United States of America"
"27",26,20160629,8744,6223,33.99882,-118.43657,"Los Angeles","California","90066","United States of America"
"28",27,20160630,3638,2443,33.99882,-118.43657,"Los Angeles","California","90066","United States of America"
"29",28,20160701,7876,6007,33.99882,-118.43657,"Los Angeles","California","90066","United States of America"
"30",29,20160702,9360,6166,33.99882,-118.43657,"Los Angeles","California","90066","United States of America"
"31",30,20160703,5499,3593,33.99882,-118.43657,"Los Angeles","California","90066","United States of America"
"32",31,20160704,3994,3426,33.99882,-118.43657,"Los Angeles","California","90066","United States of America"
"33",32,20160705,5201,3538,33.99882,-118.43657,"Los Angeles","California","90066","United States of America"
"34",33,20160706,4085,3074,33.99882,-118.43657,"Los Angeles","California","90066","United States of America"
"35",34,20160707,11695,8574,33.99882,-118.43657,"Los Angeles","California","90066","United States of America"
"36",35,20160708,8904,6869,33.99882,-118.43657,"Los Angeles","California","90066","United States of America"
"37",36,20160709,17468,12445,33.8075847770495,-117.919076755643,"Anaheim","California","92812-9998","United States of America"
"38",37,20160710,7475,4973,33.8075847770495,-117.919076755643,"Anaheim","California","92812-9998","United States of America"
"39",38,20160711,10261,7587,32.8655,-117.222,"San Diego","California","92161","United States of America"
"40",39,20160712,9948,7402,33.99882,-118.43657,"Los Angeles","California","90066","United States of America"
"41",40,20160713,9688,7362,33.99882,-118.43657,"Los Angeles","California","90066","United States of America"
"42",41,20160714,1571,2180,33.99882,-118.43657,"Los Angeles","California","90066","United States of America"
"43",42,20160715,9900,7574,33.99882,-118.43657,"Los Angeles","California","90066","United States of America"
"44",43,20160716,3794,2512,33.38863,-111.90983,"Tempe","Arizona","85282","United States of America"
"45",44,20160717,5397,3636,33.38863,-111.90983,"Tempe","Arizona","85282","United States of America"
"46",45,20160718,4750,3992,33.99882,-118.43657,"Los Angeles","California","90066","United States of America"
"47",46,20160719,5005,3613,33.99882,-118.43657,"Los Angeles","California","90066","United States of America"
"48",47,20160720,6939,5010,33.99882,-118.43657,"Los Angeles","California","90066","United States of America"
"49",48,20160721,6044,4047,41.138687,-73.341052,"Westport","Connecticut","06880","United States of America"
"50",49,20160722,5539,3921,41.138687,-73.341052,"Westport","Connecticut","06880","United States of America"
"51",50,20160723,2911,1967,41.138687,-73.341052,"Westport","Connecticut","06880","United States of America"
"52",51,20160724,5986,4218,33.99882,-118.43657,"Los Angeles","California","90066","United States of America"
"53",52,20160725,9608,7187,33.99882,-118.43657,"Los Angeles","California","90066","United States of America"
"54",53,20160726,6578,4534,33.99882,-118.43657,"Los Angeles","California","90066","United States of America"
"55",54,20160727,6997,5968,33.99882,-118.43657,"Los Angeles","California","90066","United States of America"
"56",55,20160728,8466,5592,33.99882,-118.43657,"Los Angeles","California","90066","United States of America"
"57",56,20160729,7879,5246,33.99882,-118.43657,"Los Angeles","California","90066","United States of America"
"58",57,20160730,4789,3066,33.99882,-118.43657,"Los Angeles","California","90066","United States of America"
"59",58,20160731,8512,6036,33.99882,-118.43657,"Los Angeles","California","90066","United States of America"
"60",59,20160801,3538,2503,33.99882,-118.43657,"Los Angeles","California","90066","United States of America"
"61",60,20160802,3897,2745,33.99882,-118.43657,"Los Angeles","California","90066","United States of America"
"62",61,20160803,5050,3579,33.99882,-118.43657,"Los Angeles","California","90066","United States of America"
"63",62,20160804,7877,6246,33.99882,-118.43657,"Los Angeles","California","90066","United States of America"
"64",63,20160805,5993,3995,33.6056498796808,-111.939563434605,"Phoenix","Arizona","85254","United States of America"
"65",64,20160806,6837,4919,33.6056498796808,-111.939563434605,"Phoenix","Arizona","85254","United States of America"
"66",65,20160807,1804,1311,33.6056498796808,-111.939563434605,"Phoenix","Arizona","85254","United States of America"
"67",66,20160808,3381,2311,33.99882,-118.43657,"Los Angeles","California","90066","United States of America"
"68",67,20160809,5516,3772,33.99882,-118.43657,"Los Angeles","California","90066","United States of America"
"69",68,20160810,6565,4778,33.99882,-118.43657,"Los Angeles","California","90066","United States of America"
"70",69,20160811,3060,1957,33.99882,-118.43657,"Los Angeles","California","90066","United States of America"
"71",70,20160812,6214,4057,33.99882,-118.43657,"Los Angeles","California","90066","United States of America"
"72",71,20160813,7202,5219,33.99882,-118.43657,"Los Angeles","California","90066","United States of America"
"73",72,20160814,4383,3185,33.99882,-118.43657,"Los Angeles","California","90066","United States of America"
"74",73,20160815,9170,6474,33.99882,-118.43657,"Los Angeles","California","90066","United States of America"
"75",74,20160816,5049,3463,33.99882,-118.43657,"Los Angeles","California","90066","United States of America"
"76",75,20160817,6235,4127,33.99882,-118.43657,"Los Angeles","California","90066","United States of America"
"77",76,20160818,7366,5601,33.99882,-118.43657,"Los Angeles","California","90066","United States of America"
"78",77,20160819,8024,5374,33.99882,-118.43657,"Los Angeles","California","90066","United States of America"
"79",78,20160820,2434,1680,33.99882,-118.43657,"Los Angeles","California","90066","United States of America"
"80",79,20160821,10283,6932,33.99882,-118.43657,"Los Angeles","California","90066","United States of America"
"81",80,20160822,9544,7053,33.99882,-118.43657,"Los Angeles","California","90066","United States of America"
"82",81,20160823,5329,3527,33.99882,-118.43657,"Los Angeles","California","90066","United States of America"
"83",82,20160824,8963,6032,33.99882,-118.43657,"Los Angeles","California","90066","United States of America"
"84",83,20160825,5725,3670,33.99882,-118.43657,"Los Angeles","California","90066","United States of America"
"85",84,20160826,7486,5535,33.99882,-118.43657,"Los Angeles","California","90066","United States of America"
"86",85,20160827,9889,7399,33.99882,-118.43657,"Los Angeles","California","90066","United States of America"
"87",86,20160828,9762,6828,33.99882,-118.43657,"Los Angeles","California","90066","United States of America"
"88",87,20160829,3948,2545,33.99882,-118.43657,"Los Angeles","California","90066","United States of America"
"89",88,20160830,8273,5758,33.99882,-118.43657,"Los Angeles","California","90066","United States of America"
"90",89,20160831,8743,6010,33.99882,-118.43657,"Los Angeles","California","90066","United States of America"
"91",90,20160901,10820,7933,33.99882,-118.43657,"Los Angeles","California","90066","United States of America"
"92",91,20160902,4153,2876,33.99882,-118.43657,"Los Angeles","California","90066","United States of America"
"93",92,20160903,9202,6487,33.99882,-118.43657,"Los Angeles","California","90066","United States of America"
"94",93,20160904,4851,3662,33.99882,-118.43657,"Los Angeles","California","90066","United States of America"
"95",94,20160905,2339,2122,33.99882,-118.43657,"Los Angeles","California","90066","United States of America"
"96",95,20160906,3146,2143,33.99882,-118.43657,"Los Angeles","California","90066","United States of America"
"97",96,20160907,6854,4886,33.99882,-118.43657,"Los Angeles","California","90066","United States of America"
"98",97,20160908,7744,5875,33.99882,-118.43657,"Los Angeles","California","90066","United States of America"
"99",98,20160909,9548,6760,33.99882,-118.43657,"Los Angeles","California","90066","United States of America"
"100",99,20160910,4458,3085,33.99882,-118.43657,"Los Angeles","California","90066","United States of America"
"101",100,20160911,5299,3718,33.99882,-118.43657,"Los Angeles","California","90066","United States of America"
"102",101,20160912,8919,6117,33.99882,-118.43657,"Los Angeles","California","90066","United States of America"
"103",102,20160913,8939,6276,33.99882,-118.43657,"Los Angeles","California","90066","United States of America"
"104",103,20160914,4944,3507,33.99882,-118.43657,"Los Angeles","California","90066","United States of America"
"105",104,20160915,9440,6913,33.99882,-118.43657,"Los Angeles","California","90066","United States of America"
"106",105,20160916,7958,5441,33.99882,-118.43657,"Los Angeles","California","90066","United States of America"
"107",106,20160917,5640,3917,33.99882,-118.43657,"Los Angeles","California","90066","United States of America"
"108",107,20160918,9314,6105,33.99882,-118.43657,"Los Angeles","California","90066","United States of America"
"109",108,20160919,6055,4474,33.99882,-118.43657,"Los Angeles","California","90066","United States of America"
"110",109,20160920,8861,7452,33.99882,-118.43657,"Los Angeles","California","90066","United States of America"
"111",110,20160921,8259,5839,33.99882,-118.43657,"Los Angeles","California","90066","United States of America"
"112",111,20160922,6785,4722,33.99882,-118.43657,"Los Angeles","California","90066","United States of America"
"113",112,20160923,6676,4870,33.99882,-118.43657,"Los Angeles","California","90066","United States of America"
"114",113,20160924,14686,10806,33.99882,-118.43657,"Los Angeles","California","90066","United States of America"
"115",114,20160925,3308,2121,33.99882,-118.43657,"Los Angeles","California","90066","United States of America"
"116",115,20160926,6936,5199,33.99882,-118.43657,"Los Angeles","California","90066","United States of America"
"117",116,20160927,7911,5507,33.99882,-118.43657,"Los Angeles","California","90066","United States of America"
"118",117,20160928,18056,13154,49.2790708682384,-123.1255593288,"Vancouver","British Columbia","V6C","Canada"
"119",118,20160929,18309,12277,49.2790708682384,-123.1255593288,"Vancouver","British Columbia","V6C","Canada"
"120",119,20160930,11694,8714,49.2790708682384,-123.1255593288,"Vancouver","British Columbia","V6C","Canada"
"121",120,20161001,7617,5662,33.99882,-118.43657,"Los Angeles","California","90066","United States of America"
"122",121,20161002,3962,2680,33.99882,-118.43657,"Los Angeles","California","90066","United States of America"
"123",122,20161003,7360,5099,33.99882,-118.43657,"Los Angeles","California","90066","United States of America"
"124",123,20161004,13770,10460,33.99882,-118.43657,"Los Angeles","California","90066","United States of America"
"125",124,20161005,5614,4061,33.99882,-118.43657,"Los Angeles","California","90066","United States of America"
"126",125,20161006,8888,6379,33.99882,-118.43657,"Los Angeles","California","90066","United States of America"
"127",126,20161007,6822,5211,33.99882,-118.43657,"Los Angeles","California","90066","United States of America"
"128",127,20161008,4765,3312,33.99882,-118.43657,"Los Angeles","California","90066","United States of America"
"129",128,20161009,2971,1838,33.38863,-111.90983,"Tempe","Arizona","85282","United States of America"
"130",129,20161010,7299,5267,33.99882,-118.43657,"Los Angeles","California","90066","United States of America"
"131",130,20161011,6631,4730,33.99882,-118.43657,"Los Angeles","California","90066","United States of America"
"132",131,20161012,10849,8104,33.99882,-118.43657,"Los Angeles","California","90066","United States of America"
"133",132,20161013,2812,1872,40.73646559474,-73.989121120861,"New York","New York","10035","United States of America"
"134",133,20161014,7543,5608,40.73646559474,-73.989121120861,"New York","New York","10035","United States of America"
"135",134,20161015,5547,4410,40.73646559474,-73.989121120861,"New York","New York","10035","United States of America"
"136",135,20161016,2430,1678,42.0877205277519,-71.788898513084,"Douglas","Massachusetts","01516","United States of America"
"137",136,20161017,2952,1997,42.0877205277519,-71.788898513084,"Douglas","Massachusetts","01516","United States of America"
"138",137,20161018,6130,4045,33.9585323773111,-118.436981641334,"Los Angeles","California","90293","United States of America"
"139",138,20161019,5472,4277,33.9585323773111,-118.436981641334,"Los Angeles","California","90293","United States of America"
"140",139,20161020,5201,3586,33.9585323773111,-118.436981641334,"Los Angeles","California","90293","United States of America"
"141",140,20161021,7456,4913,33.9585323773111,-118.436981641334,"Los Angeles","California","90293","United States of America"
"142",141,20161022,12235,9212,33.38863,-111.90983,"Tempe","Arizona","85282","United States of America"
"143",142,20161023,5040,3529,33.38863,-111.90983,"Tempe","Arizona","85282","United States of America"
"144",143,20161024,6742,4607,33.38863,-111.90983,"Tempe","Arizona","85282","United States of America"
"145",144,20161025,7819,5680,33.9585323773111,-118.436981641334,"Los Angeles","California","90293","United States of America"
"146",145,20161026,11552,8065,33.9585323773111,-118.436981641334,"Los Angeles","California","90293","United States of America"
"147",146,20161027,9001,6938,33.9585323773111,-118.436981641334,"Los Angeles","California","90293","United States of America"
"148",147,20161028,8580,6391,33.9585323773111,-118.436981641334,"Los Angeles","California","90293","United States of America"
"149",148,20161029,4901,3317,33.9585323773111,-118.436981641334,"Los Angeles","California","90293","United States of America"
"150",149,20161030,6521,5185,33.9585323773111,-118.436981641334,"Los Angeles","California","90293","United States of America"
"151",150,20161031,6534,4688,33.9585323773111,-118.436981641334,"Los Angeles","California","90293","United States of America"
"152",151,20161101,9012,7997,33.9585323773111,-118.436981641334,"Los Angeles","California","90293","United States of America"
"153",152,20161102,13305,10975,29.94348,-90.0662399,"New Orleans","Louisiana","70113","United States of America"
"154",153,20161103,13472,11085,29.94348,-90.0662399,"New Orleans","Louisiana","70113","United States of America"
"155",154,20161104,4649,4571,29.94348,-90.0662399,"New Orleans","Louisiana","70113","United States of America"
"156",155,20161105,4310,2904,33.9585323773111,-118.436981641334,"Los Angeles","California","90293","United States of America"
"157",156,20161106,7600,5003,33.9585323773111,-118.436981641334,"Los Angeles","California","90293","United States of America"
"158",157,20161107,4485,3158,33.9585323773111,-118.436981641334,"Los Angeles","California","90293","United States of America"
"159",158,20161108,8813,6388,33.9585323773111,-118.436981641334,"Los Angeles","California","90293","United States of America"
"160",159,20161109,5096,3816,33.9585323773111,-118.436981641334,"Los Angeles","California","90293","United States of America"
"161",160,20161110,6320,4619,33.9585323773111,-118.436981641334,"Los Angeles","California","90293","United States of America"
"162",161,20161111,6462,5496,33.9585323773111,-118.436981641334,"Los Angeles","California","90293","United States of America"
"163",162,20161112,7812,5373,33.9585323773111,-118.436981641334,"Los Angeles","California","90293","United States of America"
"164",163,20161113,11312,8137,33.9585323773111,-118.436981641334,"Los Angeles","California","90293","United States of America"
"165",164,20161114,4370,2984,33.9585323773111,-118.436981641334,"Los Angeles","California","90293","United States of America"
"166",165,20161115,5037,3596,33.9585323773111,-118.436981641334,"Los Angeles","California","90293","United States of America"
"167",166,20161116,8710,6043,33.9585323773111,-118.436981641334,"Los Angeles","California","90293","United States of America"
"168",167,20161117,6720,4791,33.9585323773111,-118.436981641334,"Los Angeles","California","90293","United States of America"
"169",168,20161118,7537,5480,33.9585323773111,-118.436981641334,"Los Angeles","California","90293","United States of America"
"170",169,20161119,6962,4801,33.9585323773111,-118.436981641334,"Los Angeles","California","90293","United States of America"
"171",170,20161120,4494,2881,33.9585323773111,-118.436981641334,"Los Angeles","California","90293","United States of America"
"172",171,20161121,6036,4372,33.9585323773111,-118.436981641334,"Los Angeles","California","90293","United States of America"
"173",172,20161122,8454,5915,33.9585323773111,-118.436981641334,"Los Angeles","California","90293","United States of America"
"174",173,20161123,7361,5270,33.9585323773111,-118.436981641334,"Los Angeles","California","90293","United States of America"
"175",174,20161124,5070,4949,33.9585323773111,-118.436981641334,"Los Angeles","California","90293","United States of America"
"176",175,20161125,6339,4117,34.09434,-116.16609,"City Not Found","California","Postcode Not Found","United States of America"
"177",176,20161126,9402,6845,34.09434,-116.16609,"City Not Found","California","Postcode Not Found","United States of America"
"178",177,20161127,1335,1218,33.9585323773111,-118.436981641334,"Los Angeles","California","90293","United States of America"
"179",178,20161128,3941,2849,33.9585323773111,-118.436981641334,"Los Angeles","California","90293","United States of America"
"180",179,20161129,3555,2797,33.9585323773111,-118.436981641334,"Los Angeles","California","90293","United States of America"
"181",180,20161130,5348,3863,33.9585323773111,-118.436981641334,"Los Angeles","California","90293","United States of America"
"182",181,20161201,3457,2426,33.9585323773111,-118.436981641334,"Los Angeles","California","90293","United States of America"
"183",182,20161202,8253,5774,33.9585323773111,-118.436981641334,"Los Angeles","California","90293","United States of America"
"184",183,20161203,4791,3167,33.9585323773111,-118.436981641334,"Los Angeles","California","90293","United States of America"
"185",184,20161204,10600,7398,33.9585323773111,-118.436981641334,"Los Angeles","California","90293","United States of America"
"186",185,20161205,2725,1858,44.9741,-93.22949,"Minneapolis","Minnesota","55414-3026","United States of America"
"187",186,20161206,5727,4485,44.9741,-93.22949,"Minneapolis","Minnesota","55414-3026","United States of America"
"188",187,20161207,2816,1934,42.0877205277519,-71.788898513084,"Douglas","Massachusetts","01516","United States of America"
"189",188,20161208,2095,1436,42.0877205277519,-71.788898513084,"Douglas","Massachusetts","01516","United States of America"
"190",189,20161209,2762,1769,42.0877205277519,-71.788898513084,"Douglas","Massachusetts","01516","United States of America"
"191",190,20161210,2462,1465,42.0877205277519,-71.788898513084,"Douglas","Massachusetts","01516","United States of America"
"192",191,20161211,3896,28063,42.0877205277519,-71.788898513084,"Douglas","Massachusetts","01516","United States of America"
"193",192,20161212,3580,3048,33.9585323773111,-118.436981641334,"Los Angeles","California","90293","United States of America"
"194",193,20161213,3816,3000,33.9585323773111,-118.436981641334,"Los Angeles","California","90293","United States of America"
"195",194,20161214,2868,2300,33.9585323773111,-118.436981641334,"Los Angeles","California","90293","United States of America"
"196",195,20161215,4317,4038,33.9585323773111,-118.436981641334,"Los Angeles","California","90293","United States of America"
"197",196,20161216,2780,2369,33.9585323773111,-118.436981641334,"Los Angeles","California","90293","United States of America"
"198",197,20161217,3187,3205,33.9585323773111,-118.436981641334,"Los Angeles","California","90293","United States of America"
"199",198,20161218,3045,2193,33.9585323773111,-118.436981641334,"Los Angeles","California","90293","United States of America"
"200",199,20161219,5137,3427,33.9585323773111,-118.436981641334,"Los Angeles","California","90293","United States of America"
"201",200,20161220,5078,8926,33.9585323773111,-118.436981641334,"Los Angeles","California","90293","United States of America"
"202",201,20161221,2896,1907,33.9585323773111,-118.436981641334,"Los Angeles","California","90293","United States of America"
"203",202,20161222,3114,3200,33.9585323773111,-118.436981641334,"Los Angeles","California","90293","United States of America"
"204",203,20161223,3048,2101,33.38863,-111.90983,"Tempe","Arizona","85282","United States of America"
"205",204,20161224,840,604,33.38863,-111.90983,"Tempe","Arizona","85282","United States of America"
"206",205,20161225,1644,2340,33.38863,-111.90983,"Tempe","Arizona","85282","United States of America"
"207",206,20161226,3212,2464,33.38863,-111.90983,"Tempe","Arizona","85282","United States of America"
"208",207,20161227,3109,1983,33.9585323773111,-118.436981641334,"Los Angeles","California","90293","United States of America"
"209",208,20161228,3824,3112,33.9585323773111,-118.436981641334,"Los Angeles","California","90293","United States of America"
"210",209,20161229,1423,1162,33.9585323773111,-118.436981641334,"Los Angeles","California","90293","United States of America"
"211",210,20161230,3233,2794,33.9585323773111,-118.436981641334,"Los Angeles","California","90293","United States of America"
"212",211,20161231,405,307,33.9585323773111,-118.436981641334,"Los Angeles","California","90293","United States of America"
"213",212,20170101,1560,1844,33.9585323773111,-118.436981641334,"Los Angeles","California","90293","United States of America"
"214",213,20170102,4554,3316,33.9585323773111,-118.436981641334,"Los Angeles","California","90293","United States of America"
"215",214,20170103,2174,2185,33.9585323773111,-118.436981641334,"Los Angeles","California","90293","United States of America"
"216",215,20170104,4391,3383,33.9585323773111,-118.436981641334,"Los Angeles","California","90293","United States of America"
"217",216,20170105,3144,2900,33.9585323773111,-118.436981641334,"Los Angeles","California","90293","United States of America"
"218",217,20170106,3518,3918,33.9585323773111,-118.436981641334,"Los Angeles","California","90293","United States of America"
"219",218,20170107,4078,2685,33.9585323773111,-118.436981641334,"Los Angeles","California","90293","United States of America"
"220",219,20170108,2846,2401,33.9585323773111,-118.436981641334,"Los Angeles","California","90293","United States of America"
"221",220,20170109,4186,3081,33.9585323773111,-118.436981641334,"Los Angeles","California","90293","United States of America"
"222",221,20170110,5603,4287,33.9585323773111,-118.436981641334,"Los Angeles","California","90293","United States of America"
"223",222,20170111,7225,4786,33.9585323773111,-118.436981641334,"Los Angeles","California","90293","United States of America"
"224",223,20170112,5071,3777,33.9585323773111,-118.436981641334,"Los Angeles","California","90293","United States of America"
"225",224,20170113,3301,2828,33.9585323773111,-118.436981641334,"Los Angeles","California","90293","United States of America"
"226",225,20170114,8373,6781,33.9585323773111,-118.436981641334,"Los Angeles","California","90293","United States of America"
"227",226,20170115,11787,10443,33.9585323773111,-118.436981641334,"Los Angeles","California","90293","United States of America"
"228",227,20170116,8139,7790,33.9585323773111,-118.436981641334,"Los Angeles","California","90293","United States of America"
"229",228,20170117,2561,2313,33.9585323773111,-118.436981641334,"Los Angeles","California","90293","United States of America"
"230",229,20170118,1942,1472,33.9585323773111,-118.436981641334,"Los Angeles","California","90293","United States of America"
"231",230,20170119,5887,3969,33.9585323773111,-118.436981641334,"Los Angeles","California","90293","United States of America"
"232",231,20170120,2309,1633,33.9585323773111,-118.436981641334,"Los Angeles","California","90293","United States of America"
"233",232,20170121,9856,7321,33.9585323773111,-118.436981641334,"Los Angeles","California","90293","United States of America"
"234",233,20170122,4663,3689,33.9585323773111,-118.436981641334,"Los Angeles","California","90293","United States of America"
"235",234,20170123,5221,3920,33.9585323773111,-118.436981641334,"Los Angeles","California","90293","United States of America"
"236",235,20170124,9636,6668,33.9585323773111,-118.436981641334,"Los Angeles","California","90293","United States of America"
"237",236,20170125,5295,3688,33.9585323773111,-118.436981641334,"Los Angeles","California","90293","United States of America"
"238",237,20170126,2564,2041,33.9585323773111,-118.436981641334,"Los Angeles","California","90293","United States of America"
"239",238,20170127,4109,3990,33.9585323773111,-118.436981641334,"Los Angeles","California","90293","United States of America"
"240",239,20170128,7771,5693,33.9585323773111,-118.436981641334,"Los Angeles","California","90293","United States of America"
"241",240,20170129,16750,13630,33.807413,-117.92654,"Anaheim","California","92812-9998","United States of America"
"242",241,20170130,2481,2629,33.9585323773111,-118.436981641334,"Los Angeles","California","90293","United States of America"
"243",242,20170131,3528,2420,33.9585323773111,-118.436981641334,"Los Angeles","California","90293","United States of America"
"244",243,20170201,7082,5127,33.9585323773111,-118.436981641334,"Los Angeles","California","90293","United States of America"
"245",244,20170202,2041,1430,33.9585323773111,-118.436981641334,"Los Angeles","California","90293","United States of America"
"246",245,20170203,3427,2622,33.9585323773111,-118.436981641334,"Los Angeles","California","90293","United States of America"
"247",246,20170204,3441,2207,33.9585323773111,-118.436981641334,"Los Angeles","California","90293","United States of America"
"248",247,20170205,6137,4420,33.9585323773111,-118.436981641334,"Los Angeles","California","90293","United States of America"
"249",248,20170206,2043,1529,33.9585323773111,-118.436981641334,"Los Angeles","California","90293","United States of America"
"250",249,20170207,4826,3496,33.9585323773111,-118.436981641334,"Los Angeles","California","90293","United States of America"
"251",250,20170208,3835,2661,33.9585323773111,-118.436981641334,"Los Angeles","California","90293","United States of America"
"252",251,20170209,3986,2859,33.9585323773111,-118.436981641334,"Los Angeles","California","90293","United States of America"
"253",252,20170210,5480,3755,33.9585323773111,-118.436981641334,"Los Angeles","California","90293","United States of America"
"254",253,20170211,4466,3006,33.9585323773111,-118.436981641334,"Los Angeles","California","90293","United States of America"
"255",254,20170212,6636,4681,33.9585323773111,-118.436981641334,"Los Angeles","California","90293","United States of America"
"256",255,20170213,5889,4477,33.9585323773111,-118.436981641334,"Los Angeles","California","90293","United States of America"
"257",256,20170214,5600,4714,33.9585323773111,-118.436981641334,"Los Angeles","California","90293","United States of America"
"258",257,20170215,3464,2649,33.9585323773111,-118.436981641334,"Los Angeles","California","90293","United States of America"
"259",258,20170216,4304,3907,33.9585323773111,-118.436981641334,"Los Angeles","California","90293","United States of America"
"260",259,20170217,1985,1712,33.9585323773111,-118.436981641334,"Los Angeles","California","90293","United States of America"
"261",260,20170218,3985,2878,33.9585323773111,-118.436981641334,"Los Angeles","California","90293","United States of America"
"262",261,20170219,5780,6765,33.9585323773111,-118.436981641334,"Los Angeles","California","90293","United States of America"
"263",262,20170220,8070,6790,33.9585323773111,-118.436981641334,"Los Angeles","California","90293","United States of America"
"264",263,20170221,3275,3252,33.9585323773111,-118.436981641334,"Los Angeles","California","90293","United States of America"
"265",264,20170222,7046,4640,33.9585323773111,-118.436981641334,"Los Angeles","California","90293","United States of America"
"266",265,20170223,6508,4709,38.253416,-85.75656,"Louisville","Kentucky","40202","United States of America"
"267",266,20170224,6124,12563,38.253098,-85.751057,"Louisville","Kentucky","40202","United States of America"
"268",267,20170225,5133,3891,33.9585323773111,-118.436981641334,"Los Angeles","California","90293","United States of America"
"269",268,20170226,2761,2672,33.9585323773111,-118.436981641334,"Los Angeles","California","90293","United States of America"
"270",269,20170227,4499,3135,33.9585323773111,-118.436981641334,"Los Angeles","California","90293","United States of America"
"271",270,20170228,3179,2362,33.9585323773111,-118.436981641334,"Los Angeles","California","90293","United States of America"
"272",271,20170301,3402,3218,33.9585323773111,-118.436981641334,"Los Angeles","California","90293","United States of America"
"273",272,20170302,7640,5853,33.9585323773111,-118.436981641334,"Los Angeles","California","90293","United States of America"
"274",273,20170303,3631,3129,33.9585323773111,-118.436981641334,"Los Angeles","California","90293","United States of America"
"275",274,20170304,3921,3416,33.9585323773111,-118.436981641334,"Los Angeles","California","90293","United States of America"
"276",275,20170305,3258,3236,33.9585323773111,-118.436981641334,"Los Angeles","California","90293","United States of America"
"277",276,20170306,8704,7001,33.9585323773111,-118.436981641334,"Los Angeles","California","90293","United States of America"
"278",277,20170307,7831,5558,33.9585323773111,-118.436981641334,"Los Angeles","California","90293","United States of America"
"279",278,20170308,3868,3376,33.9585323773111,-118.436981641334,"Los Angeles","California","90293","United States of America"
"280",279,20170309,3060,3499,33.9585323773111,-118.436981641334,"Los Angeles","California","90293","United States of America"
"281",280,20170310,10632,9002,33.9585323773111,-118.436981641334,"Los Angeles","California","90293","United States of America"
"282",281,20170311,9973,9155,30.2531518561,-97.7445087778,"Austin","Texas","78704","United States of America"
"283",282,20170312,19902,16052,30.2531518561,-97.7445087778,"Austin","Texas","78704","United States of America"
"284",283,20170313,15286,11541,30.2531518561,-97.7445087778,"Austin","Texas","78704","United States of America"
"285",284,20170314,14209,9946,33.9585323773111,-118.436981641334,"Los Angeles","California","90293","United States of America"
"286",285,20170315,9963,7989,33.9585323773111,-118.436981641334,"Los Angeles","California","90293","United States of America"
"287",286,20170316,6826,5015,33.9585323773111,-118.436981641334,"Los Angeles","California","90293","United States of America"
"288",287,20170317,8182,5349,33.9585323773111,-118.436981641334,"Los Angeles","California","90293","United States of America"
"289",288,20170318,4054,4191,33.9585323773111,-118.436981641334,"Los Angeles","California","90293","United States of America"
"290",289,20170319,1541,1358,33.9585323773111,-118.436981641334,"Los Angeles","California","90293","United States of America"
"291",290,20170320,3116,2946,33.9585323773111,-118.436981641334,"Los Angeles","California","90293","United States of America"
"292",291,20170321,5479,4829,33.9585323773111,-118.436981641334,"Los Angeles","California","90293","United States of America"
"293",292,20170322,2751,1751,33.9585323773111,-118.436981641334,"Los Angeles","California","90293","United States of America"
"294",293,20170323,5949,4284,33.9585323773111,-118.436981641334,"Los Angeles","California","90293","United States of America"
"295",294,20170324,3745,2926,33.9585323773111,-118.436981641334,"Los Angeles","California","90293","United States of America"
"296",295,20170325,4937,4257,33.9585323773111,-118.436981641334,"Los Angeles","California","90293","United States of America"
"297",296,20170326,1344,933,33.9585323773111,-118.436981641334,"Los Angeles","California","90293","United States of America"
"298",297,20170327,1918,1943,33.9585323773111,-118.436981641334,"Los Angeles","California","90293","United States of America"
"299",298,20170328,5133,4114,33.9585323773111,-118.436981641334,"Los Angeles","California","90293","United States of America"
"300",299,20170329,5985,4488,33.9585323773111,-118.436981641334,"Los Angeles","California","90293","United States of America"
"301",300,20170330,8571,6512,32.703191,-117.15861,"San Diego","California","92101-6144","United States of America"
"302",301,20170331,6640,5380,33.9585323773111,-118.436981641334,"Los Angeles","California","90293","United States of America"
"303",302,20170401,3716,2634,33.9585323773111,-118.436981641334,"Los Angeles","California","90293","United States of America"
"304",303,20170402,4815,3239,33.9585323773111,-118.436981641334,"Los Angeles","California","90293","United States of America"
"305",304,20170403,4273,2909,33.9585323773111,-118.436981641334,"Los Angeles","California","90293","United States of America"
"306",305,20170404,4497,3054,33.9585323773111,-118.436981641334,"Los Angeles","California","90293","United States of America"
"307",306,20170405,5117,3427,33.9585323773111,-118.436981641334,"Los Angeles","California","90293","United States of America"
"308",307,20170406,4602,3373,33.9585323773111,-118.436981641334,"Los Angeles","California","90293","United States of America"
"309",308,20170407,3506,2413,33.9585323773111,-118.436981641334,"Los Angeles","California","90293","United States of America"
"310",309,20170408,1666,1817,33.9585323773111,-118.436981641334,"Los Angeles","California","90293","United States of America"
"311",310,20170409,3129,2316,33.9585323773111,-118.436981641334,"Los Angeles","California","90293","United States of America"
"312",311,20170410,7914,5567,33.9585323773111,-118.436981641334,"Los Angeles","California","90293","United States of America"
"313",312,20170411,2856,2050,33.9585323773111,-118.436981641334,"Los Angeles","California","90293","United States of America"
"314",313,20170412,5479,3944,33.9585323773111,-118.436981641334,"Los Angeles","California","90293","United States of America"
"315",314,20170413,7404,4947,33.9585323773111,-118.436981641334,"Los Angeles","California","90293","United States of America"
"316",315,20170414,9622,7308,33.9585323773111,-118.436981641334,"Los Angeles","California","90293","United States of America"
"317",316,20170415,8422,5547,33.9585323773111,-118.436981641334,"Los Angeles","California","90293","United States of America"
"318",317,20170416,8230,5851,33.9585323773111,-118.436981641334,"Los Angeles","California","90293","United States of America"
"319",318,20170417,7197,5398,33.9585323773111,-118.436981641334,"Los Angeles","California","90293","United States of America"
"320",319,20170418,12750,9491,37.422926,-122.15125,"Palo Alto","California","94305","United States of America"
"321",320,20170419,8537,6379,37.422926,-122.15125,"Palo Alto","California","94305","United States of America"
"322",321,20170420,6185,4607,37.422926,-122.15125,"Palo Alto","California","94305","United States of America"
"323",322,20170421,10498,7985,47.607819,-122.32775,"Seattle","Washington","98174","United States of America"
"324",323,20170422,5142,3825,47.607819,-122.32775,"Seattle","Washington","98174","United States of America"
"325",324,20170423,6962,6673,33.9585323773111,-118.436981641334,"Los Angeles","California","90293","United States of America"
"326",325,20170424,7922,5948,33.9585323773111,-118.436981641334,"Los Angeles","California","90293","United States of America"
"327",326,20170425,4421,2999,33.9585323773111,-118.436981641334,"Los Angeles","California","90293","United States of America"
"328",327,20170426,9847,6709,33.9585323773111,-118.436981641334,"Los Angeles","California","90293","United States of America"
"329",328,20170427,4445,3020,33.9585323773111,-118.436981641334,"Los Angeles","California","90293","United States of America"
"330",329,20170428,7166,5215,33.9585323773111,-118.436981641334,"Los Angeles","California","90293","United States of America"
"331",330,20170429,7387,5340,37.86237,-122.27553,"Berkeley","California","94704","United States of America"
"332",331,20170430,11766,8699,37.86237,-122.27553,"Berkeley","California","94704","United States of America"
"333",332,20170501,6355,4656,37.438612,-122.13791,"Palo Alto","California","94036","United States of America"
"334",333,20170502,7720,5844,37.438612,-122.13791,"Palo Alto","California","94036","United States of America"
"335",334,20170503,4136,2434,33.9585323773111,-118.436981641334,"Los Angeles","California","90293","United States of America"
"336",335,20170504,8941,6705,33.9585323773111,-118.436981641334,"Los Angeles","California","90293","United States of America"
"337",336,20170505,5335,3586,34.415806,-119.71909,"Santa Barbara","California","93109","United States of America"
"338",337,20170506,4452,2969,34.415806,-119.71909,"Santa Barbara","California","93109","United States of America"
"339",338,20170507,8463,5895,34.415806,-119.71909,"Santa Barbara","California","93109","United States of America"
"340",339,20170508,8393,5815,33.9585323773111,-118.436981641334,"Los Angeles","California","90293","United States of America"
"341",340,20170509,6477,4578,33.9585323773111,-118.436981641334,"Los Angeles","California","90293","United States of America"
"342",341,20170510,3742,2488,33.9585323773111,-118.436981641334,"Los Angeles","California","90293","United States of America"
"343",342,20170511,4454,3262,33.9585323773111,-118.436981641334,"Los Angeles","California","90293","United States of America"
"344",343,20170512,8116,5838,33.9585323773111,-118.436981641334,"Los Angeles","California","90293","United States of America"
"345",344,20170513,4359,2842,33.38863,-111.90983,"Tempe","Arizona","85282","United States of America"
"346",345,20170514,2837,2011,33.38863,-111.90983,"Tempe","Arizona","85282","United States of America"
"347",346,20170515,8666,5825,33.9585323773111,-118.436981641334,"Los Angeles","California","90293","United States of America"
"348",347,20170516,4624,3144,33.9585323773111,-118.436981641334,"Los Angeles","California","90293","United States of America"
"349",348,20170517,5995,4183,33.9585323773111,-118.436981641334,"Los Angeles","California","90293","United States of America"
"350",349,20170518,5452,4348,33.9585323773111,-118.436981641334,"Los Angeles","California","90293","United States of America"
"351",350,20170519,9988,7294,33.9585323773111,-118.436981641334,"Los Angeles","California","90293","United States of America"
"352",351,20170520,3882,2621,33.9585323773111,-118.436981641334,"Los Angeles","California","90293","United States of America"
"353",352,20170521,2893,2058,33.9585323773111,-118.436981641334,"Los Angeles","California","90293","United States of America"
"354",353,20170522,9465,6570,33.9585323773111,-118.436981641334,"Los Angeles","California","90293","United States of America"
"355",354,20170523,5081,3711,33.9585323773111,-118.436981641334,"Los Angeles","California","90293","United States of America"
"356",355,20170524,4904,3435,33.9585323773111,-118.436981641334,"Los Angeles","California","90293","United States of America"
"357",356,20170525,6064,4423,33.9585323773111,-118.436981641334,"Los Angeles","California","90293","United States of America"
"358",357,20170526,3852,2661,33.9585323773111,-118.436981641334,"Los Angeles","California","90293","United States of America"
"359",358,20170527,4653,3076,33.9585323773111,-118.436981641334,"Los Angeles","California","90293","United States of America"
"360",359,20170528,8925,7235,33.9585323773111,-118.436981641334,"Los Angeles","California","90293","United States of America"
"361",360,20170529,4740,3245,33.9585323773111,-118.436981641334,"Los Angeles","California","90293","United States of America"
"362",361,20170530,5540,3733,33.9585323773111,-118.436981641334,"Los Angeles","California","90293","United States of America"
"363",362,20170531,9118,6572,39.74787,-104.9926799,"Denver","Colorado","80202","United States of America"
"364",363,20170601,9907,7208,39.74787,-104.9926799,"Denver","Colorado","80202","United States of America"
"365",364,20170602,10876,7584,39.74787,-104.9926799,"Denver","Colorado","80202","United States of America"
"366",365,20170603,8482,5615,33.9585323773111,-118.436981641334,"Los Angeles","California","90293","United States of America"
"367",366,20170604,14533,10322,33.9585323773111,-118.436981641334,"Los Angeles","California","90293","United States of America"
"368",367,20170605,5583,3967,33.9585323773111,-118.436981641334,"Los Angeles","California","90293","United States of America"
"369",368,20170606,4339,2956,33.9585323773111,-118.436981641334,"Los Angeles","California","90293","United States of America"
"370",369,20170607,8668,5722,33.9585323773111,-118.436981641334,"Los Angeles","California","90293","United States of America"
"371",370,20170608,5821,4118,48.42249,-123.36348,"Victoria","British Columbia","V8W 2L4","Canada"
"372",371,20170609,3315,2276,48.42249,-123.36348,"Victoria","British Columbia","V8W 2L4","Canada"
"373",372,20170610,7193,5307,48.42249,-123.36348,"Victoria","British Columbia","V8W 2L4","Canada"
"374",373,20170611,2209,1519,33.9585323773111,-118.436981641334,"Los Angeles","California","90293","United States of America"
"375",374,20170612,11698,8094,33.9585323773111,-118.436981641334,"Los Angeles","California","90293","United States of America"
"376",375,20170613,6123,4117,33.9585323773111,-118.436981641334,"Los Angeles","California","90293","United States of America"
"377",376,20170614,4644,3092,33.9585323773111,-118.436981641334,"Los Angeles","California","90293","United States of America"
"378",377,20170615,9656,6733,33.9585323773111,-118.436981641334,"Los Angeles","California","90293","United States of America"
"379",378,20170616,4160,2876,33.9585323773111,-118.436981641334,"Los Angeles","California","90293","United States of America"
"380",379,20170617,8593,5949,33.9585323773111,-118.436981641334,"Los Angeles","California","90293","United States of America"
"381",380,20170618,10555,7844,33.9585323773111,-118.436981641334,"Los Angeles","California","90293","United States of America"
"382",381,20170619,7200,5121,33.9585323773111,-118.436981641334,"Los Angeles","California","90293","United States of America"
"383",382,20170620,4733,3525,33.9585323773111,-118.436981641334,"Los Angeles","California","90293","United States of America"
"384",383,20170621,5085,3760,38.98372,-77.09427,"Chevy Chase","Maryland","20814","United States of America"
"385",384,20170622,6451,4911,38.98372,-77.09427,"Chevy Chase","Maryland","20814","United States of America"
"386",385,20170623,6612,4934,38.98372,-77.09427,"Chevy Chase","Maryland","20814","United States of America"
"387",386,20170624,6509,4697,40.6724501765733,-73.9615176165752,"New York","New York","11225","United States of America"
"388",387,20170625,15297,10927,40.6724501765733,-73.9615176165752,"New York","New York","11225","United States of America"
"389",388,20170626,5993,4123,40.6724501765733,-73.9615176165752,"New York","New York","11225","United States of America"
"390",389,20170627,5438,4174,33.9585323773111,-118.436981641334,"Los Angeles","California","90293","United States of America"
"391",390,20170628,3716,2506,33.9585323773111,-118.436981641334,"Los Angeles","California","90293","United States of America"
"392",391,20170629,5991,3954,33.9585323773111,-118.436981641334,"Los Angeles","California","90293","United States of America"
"393",392,20170630,3292,2127,33.9585323773111,-118.436981641334,"Los Angeles","California","90293","United States of America"
"394",393,20170701,6305,4653,33.9585323773111,-118.436981641334,"Los Angeles","California","90293","United States of America"
"395",394,20170702,4815,3156,33.9585323773111,-118.436981641334,"Los Angeles","California","90293","United States of America"
"396",395,20170703,10344,7300,33.9585323773111,-118.436981641334,"Los Angeles","California","90293","United States of America"
"397",396,20170704,8739,6842,33.9585323773111,-118.436981641334,"Los Angeles","California","90293","United States of America"
"398",397,20170705,4885,3450,33.9585323773111,-118.436981641334,"Los Angeles","California","90293","United States of America"
"399",398,20170706,2731,1888,33.9585323773111,-118.436981641334,"Los Angeles","California","90293","United States of America"
"400",399,20170707,3585,2519,33.9585323773111,-118.436981641334,"Los Angeles","California","90293","United States of America"
"401",400,20170708,2339,1433,33.9585323773111,-118.436981641334,"Los Angeles","California","90293","United States of America"
"402",401,20170709,7451,5478,33.9585323773111,-118.436981641334,"Los Angeles","California","90293","United States of America"
"403",402,20170710,11167,7660,33.9585323773111,-118.436981641334,"Los Angeles","California","90293","United States of America"
"404",403,20170711,4474,3229,33.9585323773111,-118.436981641334,"Los Angeles","California","90293","United States of America"
"405",404,20170712,7965,5852,33.9585323773111,-118.436981641334,"Los Angeles","California","90293","United States of America"
"406",405,20170713,6232,4487,33.9585323773111,-118.436981641334,"Los Angeles","California","90293","United States of America"
"407",406,20170714,5699,3940,33.9585323773111,-118.436981641334,"Los Angeles","California","90293","United States of America"
"408",407,20170715,8813,5788,33.9585323773111,-118.436981641334,"Los Angeles","California","90293","United States of America"
"409",408,20170716,4380,3176,33.9585323773111,-118.436981641334,"Los Angeles","California","90293","United States of America"
"410",409,20170717,7021,4886,33.9585323773111,-118.436981641334,"Los Angeles","California","90293","United States of America"
"411",410,20170718,5178,3591,33.9585323773111,-118.436981641334,"Los Angeles","California","90293","United States of America"
"412",411,20170719,9097,6505,33.9585323773111,-118.436981641334,"Los Angeles","California","90293","United States of America"
"413",412,20170720,10394,6640,33.9585323773111,-118.436981641334,"Los Angeles","California","90293","United States of America"
"414",413,20170721,5734,4043,33.9585323773111,-118.436981641334,"Los Angeles","California","90293","United States of America"
"415",414,20170722,10102,6847,32.754326,-117.12976,"San Diego","California","92104","United States of America"
"416",415,20170723,6504,4228,33.9585323773111,-118.436981641334,"Los Angeles","California","90293","United States of America"
"417",416,20170724,2679,1852,33.9585323773111,-118.436981641334,"Los Angeles","California","90293","United States of America"
"418",417,20170725,5488,4008,33.9585323773111,-118.436981641334,"Los Angeles","California","90293","United States of America"
"419",418,20170726,4733,3115,33.9585323773111,-118.436981641334,"Los Angeles","California","90293","United States of America"
"420",419,20170727,6504,4339,33.9585323773111,-118.436981641334,"Los Angeles","California","90293","United States of America"
"421",420,20170728,3108,2298,33.9585323773111,-118.436981641334,"Los Angeles","California","90293","United States of America"
"422",421,20170729,7414,4950,33.9585323773111,-118.436981641334,"Los Angeles","California","90293","United States of America"
"423",422,20170730,2494,1696,33.9585323773111,-118.436981641334,"Los Angeles","California","90293","United States of America"
"424",423,20170731,7177,4992,33.9585323773111,-118.436981641334,"Los Angeles","California","90293","United States of America"
"425",424,20170801,8122,5561,33.9585323773111,-118.436981641334,"Los Angeles","California","90293","United States of America"
"426",425,20170802,6020,4560,33.9585323773111,-118.436981641334,"Los Angeles","California","90293","United States of America"
"427",426,20170803,7214,5230,33.9585323773111,-118.436981641334,"Los Angeles","California","90293","United States of America"
"428",427,20170804,5757,4306,33.9585323773111,-118.436981641334,"Los Angeles","California","90293","United States of America"
"429",428,20170805,4646,2913,33.34313,-111.93977,"Tempe","Arizona","85284","United States of America"
"430",429,20170806,4217,3048,33.34313,-111.93977,"Tempe","Arizona","85284","United States of America"
"431",430,20170807,6310,4370,33.9585323773111,-118.436981641334,"Los Angeles","California","90293","United States of America"
"432",431,20170808,7531,5238,33.9585323773111,-118.436981641334,"Los Angeles","California","90293","United States of America"
"433",432,20170809,2972,1860,33.9585323773111,-118.436981641334,"Los Angeles","California","90293","United States of America"
"434",433,20170810,7477,4853,33.9585323773111,-118.436981641334,"Los Angeles","California","90293","United States of America"
"435",434,20170811,6511,4503,33.9585323773111,-118.436981641334,"Los Angeles","California","90293","United States of America"
"436",435,20170812,3130,2295,33.9585323773111,-118.436981641334,"Los Angeles","California","90293","United States of America"
"437",436,20170813,4375,2868,33.9585323773111,-118.436981641334,"Los Angeles","California","90293","United States of America"
"438",437,20170814,3744,2366,33.9585323773111,-118.436981641334,"Los Angeles","California","90293","United States of America"
"439",438,20170815,6034,4281,33.9585323773111,-118.436981641334,"Los Angeles","California","90293","United States of America"
"440",439,20170816,6059,4481,33.9585323773111,-118.436981641334,"Los Angeles","California","90293","United States of America"
"441",440,20170817,4660,3137,33.9585323773111,-118.436981641334,"Los Angeles","California","90293","United States of America"
"442",441,20170818,6326,4398,33.9585323773111,-118.436981641334,"Los Angeles","California","90293","United States of America"
"443",442,20170819,15627,10403,33.9585323773111,-118.436981641334,"Los Angeles","California","90293","United States of America"
"444",443,20170820,4346,2874,33.9585323773111,-118.436981641334,"Los Angeles","California","90293","United States of America"
"445",444,20170821,6432,4316,33.9585323773111,-118.436981641334,"Los Angeles","California","90293","United States of America"
"446",445,20170822,4720,3461,33.9585323773111,-118.436981641334,"Los Angeles","California","90293","United States of America"
"447",446,20170823,5363,4522,33.9585323773111,-118.436981641334,"Los Angeles","California","90293","United States of America"
"448",447,20170824,8535,5734,45.5035858536,-122.6162597677,"Portland","Oregon","97215","United States of America"
"449",448,20170825,4778,3109,45.5035858536,-122.6162597677,"Portland","Oregon","97215","United States of America"
"450",449,20170826,6520,4361,45.5035858536,-122.6162597677,"Portland","Oregon","97215","United States of America"
"451",450,20170827,4403,3026,45.44538,-122.74628,"Tigard","Oregon","97223","United States of America"
"452",451,20170828,6992,4937,45.44538,-122.74628,"Tigard","Oregon","97223","United States of America"
"453",452,20170829,4153,3294,33.9585323773111,-118.436981641334,"Los Angeles","California","90293","United States of America"
"454",453,20170830,5954,4100,33.9585323773111,-118.436981641334,"Los Angeles","California","90293","United States of America"
"455",454,20170831,6408,4632,33.9585323773111,-118.436981641334,"Los Angeles","California","90293","United States of America"
"456",455,20170901,3664,2577,33.9585323773111,-118.436981641334,"Los Angeles","California","90293","United States of America"
"457",456,20170902,2937,2033,33.9585323773111,-118.436981641334,"Los Angeles","California","90293","United States of America"
"458",457,20170903,4449,2947,33.9585323773111,-118.436981641334,"Los Angeles","California","90293","United States of America"
"459",458,20170904,7294,5034,33.9585323773111,-118.436981641334,"Los Angeles","California","90293","United States of America"
"460",459,20170905,5209,3773,33.9585323773111,-118.436981641334,"Los Angeles","California","90293","United States of America"
"461",460,20170906,6528,4472,33.9585323773111,-118.436981641334,"Los Angeles","California","90293","United States of America"
"462",461,20170907,6277,4250,33.9585323773111,-118.436981641334,"Los Angeles","California","90293","United States of America"
"463",462,20170908,6433,4642,33.9585323773111,-118.436981641334,"Los Angeles","California","90293","United States of America"
"464",463,20170909,6605,4511,33.9585323773111,-118.436981641334,"Los Angeles","California","90293","United States of America"
"465",464,20170910,3192,2198,33.9585323773111,-118.436981641334,"Los Angeles","California","90293","United States of America"
"466",465,20170911,4390,2953,33.9585323773111,-118.436981641334,"Los Angeles","California","90293","United States of America"
"467",466,20170915,2490,1775,33.9585323773111,-118.436981641334,"Los Angeles","California","90293","United States of America"
"468",467,20170916,3787,2676,33.9585323773111,-118.436981641334,"Los Angeles","California","90293","United States of America"
"469",468,20170917,5574,3782,33.9585323773111,-118.436981641334,"Los Angeles","California","90293","United States of America"
"470",469,20170918,5060,3485,33.9585323773111,-118.436981641334,"Los Angeles","California","90293","United States of America"
"471",470,20170919,2656,1879,33.9585323773111,-118.436981641334,"Los Angeles","California","90293","United States of America"
"472",471,20170920,1785,6861,33.9585323773111,-118.436981641334,"Los Angeles","California","90293","United States of America"
"473",472,20170921,5328,3672,33.9585323773111,-118.436981641334,"Los Angeles","California","90293","United States of America"
"474",473,20170922,2643,2865,33.9585323773111,-118.436981641334,"Los Angeles","California","90293","United States of America"
"475",474,20170923,8151,6011,33.9585323773111,-118.436981641334,"Los Angeles","California","90293","United States of America"
"476",475,20170924,1615,952,33.9585323773111,-118.436981641334,"Los Angeles","California","90293","United States of America"
"477",476,20171004,64,31,33.9585323773111,-118.436981641334,"Los Angeles","California","90293","United States of America"
"478",477,20171005,5599,6588,33.888709,-118.39585,"Manhattan Beach","California","90266","United States of America"
"479",478,20171006,741,1060,32.8655,-117.222,"San Diego","California","92161","United States of America"
"480",479,20171007,10737,6923,33.9585323773111,-118.436981641334,"Los Angeles","California","90293","United States of America"
"481",480,20171008,6420,4392,21.872231,-159.44806,"Poipu","Hawaii","96756","United States of America"
"482",481,20171009,15330,9256,21.872231,-159.44806,"Poipu","Hawaii","96756","United States of America"
"483",482,20171010,28655,16660,21.872231,-159.44806,"Poipu","Hawaii","96756","United States of America"
"484",483,20171011,7540,4830,21.872231,-159.44806,"Poipu","Hawaii","96756","United States of America"
"485",484,20171012,7637,4780,21.872565,-159.44778,"Poipu","Hawaii","96756","United States of America"
"486",485,20171013,18601,10446,21.872231,-159.44806,"Poipu","Hawaii","96756","United States of America"
"487",486,20171014,7108,4857,33.9585323773111,-118.436981641334,"Los Angeles","California","90293","United States of America"
"488",487,20171015,5390,3837,33.9585323773111,-118.436981641334,"Los Angeles","California","90293","United States of America"
"489",488,20171016,4141,2680,33.9585323773111,-118.436981641334,"Los Angeles","California","90293","United States of America"
"490",489,20171017,6037,4903,33.9585323773111,-118.436981641334,"Los Angeles","California","90293","United States of America"
"491",490,20171018,6362,4910,33.9585323773111,-118.436981641334,"Los Angeles","California","90293","United States of America"
"492",491,20171019,4503,3218,33.9585323773111,-118.436981641334,"Los Angeles","California","90293","United States of America"
"493",492,20171020,3575,2454,33.9585323773111,-118.436981641334,"Los Angeles","California","90293","United States of America"
"494",493,20171021,3727,2647,33.9585323773111,-118.436981641334,"Los Angeles","California","90293","United States of America"
"495",494,20171022,6420,4419,33.9585323773111,-118.436981641334,"Los Angeles","California","90293","United States of America"
"496",495,20171023,5787,4225,33.9585323773111,-118.436981641334,"Los Angeles","California","90293","United States of America"
"497",496,20171024,5785,4051,33.9585323773111,-118.436981641334,"Los Angeles","California","90293","United States of America"
"498",497,20171025,8447,6404,33.9585323773111,-118.436981641334,"Los Angeles","California","90293","United States of America"
"499",498,20171026,10592,7578,42.343798,-71.044866,"Boston","Massachusetts","02127","United States of America"
"500",499,20171027,7252,5215,42.343798,-71.044866,"Boston","Massachusetts","02127","United States of America"
"501",500,20171031,3267,2541,33.9585323773111,-118.436981641334,"Los Angeles","California","90293","United States of America"
"502",501,20171105,6769,4834,33.9585323773111,-118.436981641334,"Los Angeles","California","90293","United States of America"
"503",502,20171106,5351,3541,33.9585323773111,-118.436981641334,"Los Angeles","California","90293","United States of America"
"504",503,20171107,6926,4957,33.9585323773111,-118.436981641334,"Los Angeles","California","90293","United States of America"
"505",504,20171108,8343,5398,33.9585323773111,-118.436981641334,"Los Angeles","California","90293","United States of America"
"506",505,20171109,2879,2283,33.9585323773111,-118.436981641334,"Los Angeles","California","90293","United States of America"
"507",506,20171114,2432,2106,33.95903,-118.43478,"Los Angeles","California","90293","United States of America"
"508",507,20171117,2047,1569,33.9585323773111,-118.436981641334,"Los Angeles","California","90293","United States of America"
"509",508,20171118,3766,3041,33.9585323773111,-118.436981641334,"Los Angeles","California","90293","United States of America"
"510",509,20171119,4194,2572,33.9585323773111,-118.436981641334,"Los Angeles","California","90293","United States of America"
"511",510,20171120,163,201,33.9585323773111,-118.436981641334,"Los Angeles","California","90293","United States of America"
"512",511,20171121,4683,2948,33.9585323773111,-118.436981641334,"Los Angeles","California","90293","United States of America"
"513",512,20171122,11310,8231,33.9585323773111,-118.436981641334,"Los Angeles","California","90293","United States of America"
"514",513,20171123,2811,1748,33.38863,-111.90983,"Tempe","Arizona","85282","United States of America"
"515",514,20171124,1917,1325,33.38863,-111.90983,"Tempe","Arizona","85282","United States of America"
"516",515,20171125,10482,6849,33.38863,-111.90983,"Tempe","Arizona","85282","United States of America"
"517",516,20171126,5093,3517,33.38863,-111.90983,"Tempe","Arizona","85282","United States of America"
"518",517,20171127,6809,4540,33.9585323773111,-118.436981641334,"Los Angeles","California","90293","United States of America"
"519",518,20171128,8551,6106,33.9585323773111,-118.436981641334,"Los Angeles","California","90293","United States of America"
"520",519,20171129,9787,6855,33.9585323773111,-118.436981641334,"Los Angeles","California","90293","United States of America"
"521",520,20171130,6651,4379,33.9585323773111,-118.436981641334,"Los Angeles","California","90293","United States of America"
"522",521,20171201,3849,2980,33.9585323773111,-118.436981641334,"Los Angeles","California","90293","United States of America"
"523",522,20171202,4643,3040,33.9585323773111,-118.436981641334,"Los Angeles","California","90293","United States of America"
"524",523,20171203,2376,1472,33.9585323773111,-118.436981641334,"Los Angeles","California","90293","United States of America"
"525",524,20171204,10568,7224,33.9585323773111,-118.436981641334,"Los Angeles","California","90293","United States of America"
"526",525,20171205,6758,4579,33.9585323773111,-118.436981641334,"Los Angeles","California","90293","United States of America"
"527",526,20171206,6188,4879,33.9585323773111,-118.436981641334,"Los Angeles","California","90293","United States of America"
"528",527,20171207,6100,4535,33.9585323773111,-118.436981641334,"Los Angeles","California","90293","United States of America"
"529",528,20171208,4601,3220,33.9585323773111,-118.436981641334,"Los Angeles","California","90293","United States of America"
"530",529,20171209,4268,3042,33.9585323773111,-118.436981641334,"Los Angeles","California","90293","United States of America"
"531",530,20171210,2883,1922,33.9585323773111,-118.436981641334,"Los Angeles","California","90293","United States of America"
"532",531,20171211,6134,4193,33.9585323773111,-118.436981641334,"Los Angeles","California","90293","United States of America"
"533",532,20171212,5810,4126,33.9585323773111,-118.436981641334,"Los Angeles","California","90293","United States of America"
"534",533,20171213,8138,6197,33.9585323773111,-118.436981641334,"Los Angeles","California","90293","United States of America"
"535",534,20171214,8481,5817,33.9585323773111,-118.436981641334,"Los Angeles","California","90293","United States of America"
"536",535,20171215,6056,4059,33.9585323773111,-118.436981641334,"Los Angeles","California","90293","United States of America"
"537",536,20171216,10014,6817,33.9585323773111,-118.436981641334,"Los Angeles","California","90293","United States of America"
"538",537,20171217,6477,4407,33.9585323773111,-118.436981641334,"Los Angeles","California","90293","United States of America"
"539",538,20171218,10318,7492,33.9585323773111,-118.436981641334,"Los Angeles","California","90293","United States of America"
"540",539,20171219,9331,6785,33.9585323773111,-118.436981641334,"Los Angeles","California","90293","United States of America"
"541",540,20171220,10332,6796,33.9585323773111,-118.436981641334,"Los Angeles","California","90293","United States of America"
"542",541,20171221,11300,7989,33.9585323773111,-118.436981641334,"Los Angeles","California","90293","United States of America"
"543",542,20171222,9582,6805,33.9585323773111,-118.436981641334,"Los Angeles","California","90293","United States of America"
"544",543,20171223,7276,5024,33.9585323773111,-118.436981641334,"Los Angeles","California","90293","United States of America"
"545",544,20171224,1750,1137,33.38863,-111.90983,"Tempe","Arizona","85282","United States of America"
"546",545,20171225,1761,1199,33.38863,-111.90983,"Tempe","Arizona","85282","United States of America"
"547",546,20171226,4622,2912,33.38863,-111.90983,"Tempe","Arizona","85282","United States of America"
"548",547,20171227,6904,4910,33.9585323773111,-118.436981641334,"Los Angeles","California","90293","United States of America"
"549",548,20171228,9317,6879,33.9585323773111,-118.436981641334,"Los Angeles","California","90293","United States of America"
"550",549,20171229,9983,7225,33.9585323773111,-118.436981641334,"Los Angeles","California","90293","United States of America"
"551",550,20171230,10273,7637,33.9585323773111,-118.436981641334,"Los Angeles","California","90293","United States of America"
"552",551,20171231,6633,4297,33.9585323773111,-118.436981641334,"Los Angeles","California","90293","United States of America"
"553",552,20180101,2995,1899,33.9585323773111,-118.436981641334,"Los Angeles","California","90293","United States of America"
"554",553,20180102,10946,7745,33.9585323773111,-118.436981641334,"Los Angeles","California","90293","United States of America"
"555",554,20180103,6361,4636,33.9585323773111,-118.436981641334,"Los Angeles","California","90293","United States of America"
"556",555,20180104,7271,4984,33.9585323773111,-118.436981641334,"Los Angeles","California","90293","United States of America"
"557",556,20180105,8650,6153,33.9585323773111,-118.436981641334,"Los Angeles","California","90293","United States of America"
"558",557,20180106,3763,2489,33.9585323773111,-118.436981641334,"Los Angeles","California","90293","United States of America"
"559",558,20180107,5796,3886,33.9585323773111,-118.436981641334,"Los Angeles","California","90293","United States of America"
"560",559,20180108,4943,3318,33.9585323773111,-118.436981641334,"Los Angeles","California","90293","United States of America"
"561",560,20180109,7620,5196,33.9585323773111,-118.436981641334,"Los Angeles","California","90293","United States of America"
"562",561,20180110,4428,3142,33.9585323773111,-118.436981641334,"Los Angeles","California","90293","United States of America"
"563",562,20180111,19119,16268,33.9585323773111,-118.436981641334,"Los Angeles","California","90293","United States of America"
"564",563,20180112,16129,12756,37.86237,-122.27553,"Berkeley","California","94704","United States of America"
"565",564,20180113,8166,6839,33.9585323773111,-118.436981641334,"Los Angeles","California","90293","United States of America"
"566",565,20180114,8029,5775,33.9585323773111,-118.436981641334,"Los Angeles","California","90293","United States of America"
"567",566,20180115,8139,5375,33.9585323773111,-118.436981641334,"Los Angeles","California","90293","United States of America"
"568",567,20180116,6136,4485,33.9585323773111,-118.436981641334,"Los Angeles","California","90293","United States of America"
"569",568,20180117,6506,4450,33.9585323773111,-118.436981641334,"Los Angeles","California","90293","United States of America"
"570",569,20180118,4020,2873,33.9585323773111,-118.436981641334,"Los Angeles","California","90293","United States of America"
"571",570,20180119,7486,5267,33.9585323773111,-118.436981641334,"Los Angeles","California","90293","United States of America"
"572",571,20180120,9954,6305,33.9585323773111,-118.436981641334,"Los Angeles","California","90293","United States of America"
"573",572,20180121,8059,4957,33.738754,-118.39593,"Rancho Palos Verdes","California","90274","United States of America"
"574",573,20180122,5406,3857,32.748748,-117.12979,"San Diego","California","CA 92104","United States of America"
"575",574,20180123,6951,4841,33.9585323773111,-118.436981641334,"Los Angeles","California","90293","United States of America"
"576",575,20180124,6378,3928,33.9585323773111,-118.436981641334,"Los Angeles","California","90293","United States of America"
"577",576,20180125,7862,5982,33.9585323773111,-118.436981641334,"Los Angeles","California","90293","United States of America"
"578",577,20180126,7602,5347,33.9585323773111,-118.436981641334,"Los Angeles","California","90293","United States of America"
"579",578,20180127,7089,4939,33.9585323773111,-118.436981641334,"Los Angeles","California","90293","United States of America"
"580",579,20180128,4527,3090,33.9585323773111,-118.436981641334,"Los Angeles","California","90293","United States of America"
"581",580,20180129,12042,9437,33.9585323773111,-118.436981641334,"Los Angeles","California","90293","United States of America"
"582",581,20180130,9245,6681,33.9585323773111,-118.436981641334,"Los Angeles","California","90293","United States of America"
"583",582,20180131,8217,5999,33.9585323773111,-118.436981641334,"Los Angeles","California","90293","United States of America"
"584",583,20180201,7411,5664,33.9585323773111,-118.436981641334,"Los Angeles","California","90293","United States of America"
"585",584,20180202,15064,10654,33.9585323773111,-118.436981641334,"Los Angeles","California","90293","United States of America"
"586",585,20180203,2048,1162,33.9585323773111,-118.436981641334,"Los Angeles","California","90293","United States of America"
"587",586,20180204,2783,2129,34.037967,-118.37611,"Los Angeles","California","90064","United States of America"
"588",587,20180205,789,523,34.037967,-118.37611,"Los Angeles","California","90064","United States of America"
"589",588,20180206,12,47,33.9585323773111,-118.436981641334,"Los Angeles","California","90293","United States of America"
"590",589,20180207,4980,3363,33.9585323773111,-118.436981641334,"Los Angeles","California","90293","United States of America"
"591",590,20180208,2520,1830,33.9585323773111,-118.436981641334,"Los Angeles","California","90293","United States of America"
"592",591,20180209,92,50,33.9585323773111,-118.436981641334,"Los Angeles","California","90293","United States of America"
"593",592,20180210,3731,2618,33.9585323773111,-118.436981641334,"Los Angeles","California","90293","United States of America"
"594",593,20180211,3951,3499,33.9585323773111,-118.436981641334,"Los Angeles","California","90293","United States of America"
"595",594,20180212,7512,5228,33.9585323773111,-118.436981641334,"Los Angeles","California","90293","United States of America"
"596",595,20180213,575,415,33.9585323773111,-118.436981641334,"Los Angeles","California","90293","United States of America"
"597",596,20180214,12938,9258,33.9585323773111,-118.436981641334,"Los Angeles","California","90293","United States of America"
"598",597,20180215,3292,2406,33.9585323773111,-118.436981641334,"Los Angeles","California","90293","United States of America"
"599",598,20180216,6752,4750,33.9585323773111,-118.436981641334,"Los Angeles","California","90293","United States of America"
"600",599,20180217,6074,4280,33.9585323773111,-118.436981641334,"Los Angeles","California","90293","United States of America"
"601",600,20180218,6808,4930,33.9585323773111,-118.436981641334,"Los Angeles","California","90293","United States of America"
"602",601,20180219,4816,3514,33.9585323773111,-118.436981641334,"Los Angeles","California","90293","United States of America"
"603",602,20180220,5573,4181,33.9585323773111,-118.436981641334,"Los Angeles","California","90293","United States of America"
"604",603,20180221,9532,6918,33.9585323773111,-118.436981641334,"Los Angeles","California","90293","United States of America"
"605",604,20180222,5478,3949,33.9585323773111,-118.436981641334,"Los Angeles","California","90293","United States of America"
"606",605,20180223,2916,2095,33.9585323773111,-118.436981641334,"Los Angeles","California","90293","United States of America"
"607",606,20180224,4957,3491,33.9585323773111,-118.436981641334,"Los Angeles","California","90293","United States of America"
"608",607,20180225,2631,1844,33.9585323773111,-118.436981641334,"Los Angeles","California","90293","United States of America"
"609",608,20180226,8834,6162,33.9585323773111,-118.436981641334,"Los Angeles","California","90293","United States of America"
"610",609,20180227,2868,1919,33.9585323773111,-118.436981641334,"Los Angeles","California","90293","United States of America"
"611",610,20180228,7058,4912,33.9585323773111,-118.436981641334,"Los Angeles","California","90293","United States of America"
"612",611,20180301,12241,8872,33.9585323773111,-118.436981641334,"Los Angeles","California","90293","United States of America"
"613",612,20180302,6509,4434,33.9585323773111,-118.436981641334,"Los Angeles","California","90293","United States of America"
"614",613,20180303,1367,1186,33.9585323773111,-118.436981641334,"Los Angeles","California","90293","United States of America"
"615",614,20180304,4391,3309,33.9585323773111,-118.436981641334,"Los Angeles","California","90293","United States of America"
"616",615,20180305,5749,4267,33.9585323773111,-118.436981641334,"Los Angeles","California","90293","United States of America"
"617",616,20180306,7549,5718,33.9585323773111,-118.436981641334,"Los Angeles","California","90293","United States of America"
"618",617,20180307,4141,2710,33.9585323773111,-118.436981641334,"Los Angeles","California","90293","United States of America"
"619",618,20180308,9730,6305,33.9585323773111,-118.436981641334,"Los Angeles","California","90293","United States of America"
"620",619,20180309,9305,6773,33.9585323773111,-118.436981641334,"Los Angeles","California","90293","United States of America"
"621",620,20180310,3327,2683,33.9585323773111,-118.436981641334,"Los Angeles","California","90293","United States of America"
"622",621,20180311,5546,3809,33.9585323773111,-118.436981641334,"Los Angeles","California","90293","United States of America"
"623",622,20180312,5285,3461,33.9585323773111,-118.436981641334,"Los Angeles","California","90293","United States of America"
"624",623,20180313,9223,6492,33.9585323773111,-118.436981641334,"Los Angeles","California","90293","United States of America"
"625",624,20180314,8949,6591,33.9585323773111,-118.436981641334,"Los Angeles","California","90293","United States of America"
"626",625,20180315,6291,4068,33.9585323773111,-118.436981641334,"Los Angeles","California","90293","United States of America"
"627",626,20180316,7031,5159,33.9585323773111,-118.436981641334,"Los Angeles","California","90293","United States of America"
"628",627,20180317,5275,3649,33.9585323773111,-118.436981641334,"Los Angeles","California","90293","United States of America"
"629",628,20180319,4667,3641,33.9585323773111,-118.436981641334,"Los Angeles","California","90293","United States of America"
"630",629,20180320,3351,2368,33.9585323773111,-118.436981641334,"Los Angeles","California","90293","United States of America"
"631",630,20180321,3192,2215,33.9585323773111,-118.436981641334,"Los Angeles","California","90293","United States of America"
"632",631,20180322,2334,1574,33.9585323773111,-118.436981641334,"Los Angeles","California","90293","United States of America"
"633",632,20180323,11232,7742,33.9585323773111,-118.436981641334,"Los Angeles","California","90293","United States of America"
"634",633,20180324,6886,5407,33.9585323773111,-118.436981641334,"Los Angeles","California","90293","United States of America"
"635",634,20180325,8125,5895,33.9585323773111,-118.436981641334,"Los Angeles","California","90293","United States of America"
"636",635,20180326,4133,2973,33.9585323773111,-118.436981641334,"Los Angeles","California","90293","United States of America"
"637",636,20180327,5448,4489,33.9585323773111,-118.436981641334,"Los Angeles","California","90293","United States of America"
"638",637,20180328,5457,3445,33.9585323773111,-118.436981641334,"Los Angeles","California","90293","United States of America"
"639",638,20180329,6003,4795,33.9585323773111,-118.436981641334,"Los Angeles","California","90293","United States of America"
"640",639,20180330,4473,3176,33.9585323773111,-118.436981641334,"Los Angeles","California","90293","United States of America"
"641",640,20180331,5316,3461,33.9585323773111,-118.436981641334,"Los Angeles","California","90293","United States of America"
"642",641,20180401,10350,6566,33.9585323773111,-118.436981641334,"Los Angeles","California","90293","United States of America"
"643",642,20180402,4213,3067,33.9585323773111,-118.436981641334,"Los Angeles","California","90293","United States of America"
"644",643,20180403,7221,5495,33.9585323773111,-118.436981641334,"Los Angeles","California","90293","United States of America"
"645",644,20180404,6535,4556,33.9585323773111,-118.436981641334,"Los Angeles","California","90293","United States of America"
"646",645,20180405,6239,4463,33.9585323773111,-118.436981641334,"Los Angeles","California","90293","United States of America"
"647",646,20180406,4023,2682,33.9585323773111,-118.436981641334,"Los Angeles","California","90293","United States of America"
"648",647,20180407,4229,2887,33.9585323773111,-118.436981641334,"Los Angeles","California","90293","United States of America"
"649",648,20180408,5057,3638,33.9585323773111,-118.436981641334,"Los Angeles","California","90293","United States of America"
"650",649,20180409,3492,2282,33.38863,-111.90983,"Tempe","Arizona","85282","United States of America"
"651",650,20180410,2624,1859,33.38863,-111.90983,"Tempe","Arizona","85282","United States of America"
"652",651,20180411,8926,6556,29.946866,-90.066707,"New Orleans","Louisiana","70113","United States of America"
"653",652,20180412,9089,6607,29.946866,-90.066707,"New Orleans","Louisiana","70113","United States of America"
"654",653,20180413,8685,6338,29.947349724579,-90.063465199721,"New Orleans","Louisiana","LA 70117","United States of America"
"655",654,20180414,7403,5549,33.38863,-111.90983,"Tempe","Arizona","85282","United States of America"
"656",655,20180415,7989,5729,33.38863,-111.90983,"Tempe","Arizona","85282","United States of America"
"657",656,20180416,2867,2107,33.9585323773111,-118.436981641334,"Los Angeles","California","90293","United States of America"
"658",657,20180417,6645,4633,33.9585323773111,-118.436981641334,"Los Angeles","California","90293","United States of America"
"659",658,20180418,4546,3162,33.9585323773111,-118.436981641334,"Los Angeles","California","90293","United States of America"
"660",659,20180419,6627,4647,33.9585323773111,-118.436981641334,"Los Angeles","California","90293","United States of America"
"661",660,20180420,7400,5426,33.9585323773111,-118.436981641334,"Los Angeles","California","90293","United States of America"
"662",661,20180421,2807,2083,33.9585323773111,-118.436981641334,"Los Angeles","California","90293","United States of America"
"663",662,20180422,11605,7980,33.9585323773111,-118.436981641334,"Los Angeles","California","90293","United States of America"
"664",663,20180423,6508,4457,33.9585323773111,-118.436981641334,"Los Angeles","California","90293","United States of America"
"665",664,20180424,7819,5611,33.9585323773111,-118.436981641334,"Los Angeles","California","90293","United States of America"
"666",665,20180425,3091,2404,33.9585323773111,-118.436981641334,"Los Angeles","California","90293","United States of America"
"667",666,20180426,6036,4065,33.9585323773111,-118.436981641334,"Los Angeles","California","90293","United States of America"
"668",667,20180427,8587,5860,33.9585323773111,-118.436981641334,"Los Angeles","California","90293","United States of America"
"669",668,20180428,2758,1546,33.9585323773111,-118.436981641334,"Los Angeles","California","90293","United States of America"
"670",669,20180429,8243,5366,33.9585323773111,-118.436981641334,"Los Angeles","California","90293","United States of America"
"671",670,20180430,3975,2536,33.9585323773111,-118.436981641334,"Los Angeles","California","90293","United States of America"
"672",671,20180501,4024,2717,33.9585323773111,-118.436981641334,"Los Angeles","California","90293","United States of America"
"673",672,20180502,3480,2841,33.9585323773111,-118.436981641334,"Los Angeles","California","90293","United States of America"
"674",673,20180503,5160,3834,33.9585323773111,-118.436981641334,"Los Angeles","California","90293","United States of America"
"675",674,20180504,6547,4586,33.9585323773111,-118.436981641334,"Los Angeles","California","90293","United States of America"
"676",675,20180505,12853,9906,33.9585323773111,-118.436981641334,"Los Angeles","California","90293","United States of America"
"677",676,20180506,7336,5455,33.9585323773111,-118.436981641334,"Los Angeles","California","90293","United States of America"
"678",677,20180507,6806,4394,33.9585323773111,-118.436981641334,"Los Angeles","California","90293","United States of America"
"679",678,20180508,9596,7008,33.9585323773111,-118.436981641334,"Los Angeles","California","90293","United States of America"
"680",679,20180509,8920,6382,33.9585323773111,-118.436981641334,"Los Angeles","California","90293","United States of America"
"681",680,20180510,5217,3508,33.9585323773111,-118.436981641334,"Los Angeles","California","90293","United States of America"
"682",681,20180511,10529,7046,33.9585323773111,-118.436981641334,"Los Angeles","California","90293","United States of America"
"683",682,20180512,5719,3684,33.9585323773111,-118.436981641334,"Los Angeles","California","90293","United States of America"
"684",683,20180513,13993,8817,33.9585323773111,-118.436981641334,"Los Angeles","California","90293","United States of America"
"685",684,20180514,8395,7126,33.9585323773111,-118.436981641334,"Los Angeles","California","90293","United States of America"
"686",685,20180515,3949,2489,33.9585323773111,-118.436981641334,"Los Angeles","California","90293","United States of America"
"687",686,20180516,10481,8252,33.9585323773111,-118.436981641334,"Los Angeles","California","90293","United States of America"
"688",687,20180517,9292,7027,33.9585323773111,-118.436981641334,"Los Angeles","California","90293","United States of America"
"689",688,20180518,5840,4251,33.9585323773111,-118.436981641334,"Los Angeles","California","90293","United States of America"
"690",689,20180519,3874,2934,33.9585323773111,-118.436981641334,"Los Angeles","California","90293","United States of America"
"691",690,20180520,10493,7236,33.9585323773111,-118.436981641334,"Los Angeles","California","90293","United States of America"
"692",691,20180521,3197,2189,33.9585323773111,-118.436981641334,"Los Angeles","California","90293","United States of America"
"693",692,20180522,13529,8880,33.9585323773111,-118.436981641334,"Los Angeles","California","90293","United States of America"
"694",693,20180523,6718,4469,33.9585323773111,-118.436981641334,"Los Angeles","California","90293","United States of America"
"695",694,20180524,4613,3260,33.9585323773111,-118.436981641334,"Los Angeles","California","90293","United States of America"
"696",695,20180525,3268,2194,33.9585323773111,-118.436981641334,"Los Angeles","California","90293","United States of America"
"697",696,20180526,4030,2722,33.9585323773111,-118.436981641334,"Los Angeles","California","90293","United States of America"
"698",697,20180527,6830,4724,33.9585323773111,-118.436981641334,"Los Angeles","California","90293","United States of America"
"699",698,20180528,11971,8596,33.9585323773111,-118.436981641334,"Los Angeles","California","90293","United States of America"
"700",699,20180529,7772,5868,44.970341,-93.26981,"Minneapolis","Minnesota","55401:55403","United States of America"
"701",700,20180530,9074,6516,44.970341,-93.26981,"Minneapolis","Minnesota","55401:55403","United States of America"
"702",701,20180531,6628,4425,44.970341,-93.26981,"Minneapolis","Minnesota","55401:55403","United States of America"
"703",702,20180601,6640,4586,33.9585323773111,-118.436981641334,"Los Angeles","California","90293","United States of America"
"704",703,20180602,11380,7626,33.9585323773111,-118.436981641334,"Los Angeles","California","90293","United States of America"
"705",704,20180603,3843,2761,33.9585323773111,-118.436981641334,"Los Angeles","California","90293","United States of America"
"706",705,20180604,11551,8200,38.991153,-77.096001,"Chevy Chase","Maryland","20814","United States of America"
"707",706,20180605,7510,5275,33.9585323773111,-118.436981641334,"Los Angeles","California","90293","United States of America"
"708",707,20180606,1070,7953,33.920704363621,-118.397715209292,"El Segundo","California","90245","United States of America"
"709",708,20180607,4011,33238,33.920704363621,-118.397715209292,"El Segundo","California","90245","United States of America"
"710",709,20180608,2895,3208,33.920704363621,-118.397715209292,"El Segundo","California","90245","United States of America"
"711",710,20180609,18979,14922,33.9585323773111,-118.436981641334,"Los Angeles","California","90293","United States of America"
"712",711,20180610,1506,5706,33.9585323773111,-118.436981641334,"Los Angeles","California","90293","United States of America"
